"Tijd","SnelheidGemiddeld","SE"
1,9.01734102247857,1.14652511081658
2,16.5171085060987,0.985649378038943
3,23.7189238703057,0.58282935898751
4,31.0662247406307,0.849398120772094
5,37.9286332333462,1.35711375693791
6,45.3174457857194,0.894246831769124
7,51.3897776774541,0.570684728212655
8,57.757465845502,1.15949080185965
9,65.8719717950731,1.01393452915363
10,72.597965729151,0.842302259989083
11,78.9931380917173,0.95377752603963
12,89.050195160919,0.885846358956769
